{
  "method": "anchor",
  "a_cm_per_px": -0.08924369747899163,
  "b_cm": 195.5617647058824,
  "x_pre_median": 1148.0,
  "x_post_median": 1029.0
}